meditation,key
23.318490982055664,1
20.225351333618164,1
18.126827239990234,1
15.205366134643555,1
15.229681015014648,1
13.475257873535156,1
11.934918403625488,1
12.031582832336426,1
,
14.187631607055664,0
