attention,key
32.48189163208008,1
32.99813461303711,1
32.95315933227539,1
31.979719161987305,1
30.783504486083984,1
29.966442108154297,1
30.872817993164062,1
28.449445724487305,1
24.33161163330078,1
,
