meditation,key
10.948138236999512,2
10.936965942382812,2
10.89335823059082,2
10.88866901397705,2
10.965629577636719,2
10.902766227722168,2
10.885197639465332,2
10.86760425567627,2
10.826765060424805,2
10.796709060668945,2
10.800546646118164,2
10.820745468139648,2
,
10.835390090942383,1
14.017324447631836,1
