meditation,key
14.234792709350586,0
14.070683479309082,0
13.955220222473145,0
13.915451049804688,0
13.878512382507324,0
13.882379531860352,0
13.814069747924805,0
13.764974594116211,0
,
