attention,key
31.628582000732422,0
38.65890121459961,0
43.92972946166992,0
45.755615234375,0
47.310943603515625,0
48.98396301269531,0
49.01721954345703,0
50.00656509399414,0
,
